Usia,Jenis_Kelamin,Kota,Pendapatan,Kategori_Produk,Harga_Satuan,Jumlah,Diskon_Persen,Metode_Pembayaran,Membership,Rating,Lama_Pengiriman_Hari,Kode_Promosi,Total_Pembelian
20.0,Laki-laki,Palembang,8115796.0,Fashion,1511628.0,2,20.0,COD,Bronze,4.4,5,HEMAT15,2375930.0
53.0,Perempuan,Pekanbaru,9559988.0,Elektronik,2971806.0,2,15.0,Kartu Kredit,Bronze,2.7,2,TANPA_PROMO,4230548.0
31.0,Perempuan,Padang,3767951.0,Fashion,3080677.0,1,0.0,COD,Gold,3.9,5,TANPA_PROMO,2539476.0
25.0,Laki-laki,Palembang,7670217.0,Olahraga,2787357.0,7,15.0,Transfer Bank,Gold,2.9,7,GRATISONGKIR,10447610.0
33.0,Laki-laki,Palembang,7493105.0,Fashion,558822.0,1,10.0,Kartu Kredit,Bronze,2.5,2,HEMAT15,1513269.0
38.0,Laki-laki,Pekanbaru,7546086.0,Olahraga,2430474.0,3,15.0,Transfer Bank,Platinum,4.4,2,HEMAT15,5140220.0
50.0,Laki-laki,Palembang,5406910.0,Fashion,2108741.0,7,5.0,E-Wallet,Bronze,2.9,8,HEMAT15,8203804.0
50.0,Perempuan,Padang,7630350.0,Fashion,706938.0,3,20.0,E-Wallet,Platinum,2.8,2,PROMO10,2590124.0
21.0,Laki-laki,Padang,4522640.0,Rumah Tangga,3230751.0,6,15.0,COD,Gold,4.7,6,GRATISONGKIR,10405010.0
53.0,Perempuan,Bengkulu,3419526.0,Elektronik,4760172.0,3,20.0,E-Wallet,Gold,3.5,7,GRATISONGKIR,6905219.0
41.0,Perempuan,Jambi,11358591.0,Rumah Tangga,4365572.0,4,15.0,E-Wallet,Platinum,3.8,4,GRATISONGKIR,10474872.0
54.0,Perempuan,Bengkulu,4040521.0,Rumah Tangga,1194098.0,1,25.0,E-Wallet,Silver,2.5,4,GRATISONGKIR,1158526.0
39.0,Laki-laki,Jambi,4887532.0,Fashion,1898873.0,1,25.0,Kartu Kredit,Bronze,2.6,5,GRATISONGKIR,1042564.0
24.0,Perempuan,Pekanbaru,8898798.0,Olahraga,2121079.0,1,0.0,E-Wallet,Silver,3.3,7,GRATISONGKIR,2258922.0
38.0,Laki-laki,Padang,8546557.0,Elektronik,659952.0,3,5.0,COD,Gold,4.7,1,PROMO10,2776814.0
35.0,Laki-laki,Padang,5876706.0,Rumah Tangga,3977366.0,6,25.0,Kartu Kredit,Silver,2.6,4,HEMAT15,10820209.0
40.0,Laki-laki,Jambi,11280253.0,Kecantikan,1166424.0,1,25.0,Kartu Kredit,Silver,3.5,1,TANPA_PROMO,2117764.0
19.0,Laki-laki,Jambi,3233657.0,Fashion,3541659.0,1,25.0,Kartu Kredit,Gold,3.0,3,PROMO10,2006781.0
49.0,Perempuan,Bengkulu,3502052.0,Elektronik,305899.0,5,20.0,Transfer Bank,Silver,4.8,1,PROMO10,1521063.0
19.0,Perempuan,Padang,11464265.0,Olahraga,488350.0,2,10.0,Transfer Bank,Bronze,4.3,6,PROMO10,1972610.0
24.0,Laki-laki,Jambi,7150211.0,Olahraga,2377404.0,6,0.0,E-Wallet,Bronze,2.9,2,TANPA_PROMO,8838907.0
20.0,Perempuan,Bengkulu,4259037.0,Elektronik,3008732.0,2,15.0,COD,Gold,2.6,5,TANPA_PROMO,3778502.0
42.0,Laki-laki,Bengkulu,6765424.0,Kecantikan,1223288.0,6,5.0,Kartu Kredit,Gold,3.8,2,HEMAT15,5466115.0
48.0,Perempuan,Palembang,9498937.0,Fashion,3023017.0,2,25.0,Transfer Bank,Bronze,3.0,6,HEMAT15,3561065.0
18.0,Perempuan,Bengkulu,10895709.0,Kecantikan,2196594.0,2,20.0,Kartu Kredit,Silver,3.1,1,PROMO20,3769400.0
21.0,Perempuan,Padang,8042073.0,Fashion,2425491.0,7,0.0,Kartu Kredit,Bronze,4.2,5,PROMO20,10381145.0
43.0,Perempuan,Pekanbaru,7287978.0,Kecantikan,1217171.0,2,10.0,Transfer Bank,Gold,3.7,7,GRATISONGKIR,2431909.0
21.0,Perempuan,Palembang,7904972.0,Fashion,408461.0,5,20.0,Transfer Bank,Platinum,4.0,6,TANPA_PROMO,2878133.0
47.0,Laki-laki,Bengkulu,6765424.0,Olahraga,3366975.0,5,10.0,Kartu Kredit,Silver,2.8,7,PROMO20,8952631.0
20.0,Perempuan,Bengkulu,7065704.0,Kecantikan,4078143.0,6,20.0,E-Wallet,Platinum,4.2,3,HEMAT15,12697699.0
31.0,Perempuan,Palembang,6559982.0,Kecantikan,1455080.0,5,15.0,Transfer Bank,Gold,4.9,2,TANPA_PROMO,4772311.0
38.0,Laki-laki,Padang,5639725.0,Fashion,1275323.0,6,15.0,COD,Silver,4.0,3,HEMAT15,4523235.0
52.0,Perempuan,Bengkulu,7032433.0,Kecantikan,2735269.0,4,0.0,Transfer Bank,Platinum,3.8,5,PROMO10,7358664.0
55.0,Laki-laki,Jambi,6225850.0,Rumah Tangga,3747035.0,1,15.0,Kartu Kredit,Bronze,3.1,5,GRATISONGKIR,2617082.0
40.0,Perempuan,Jambi,7353259.0,Elektronik,4238914.0,4,5.0,E-Wallet,Gold,4.6,1,HEMAT15,10679882.0
52.0,Laki-laki,Palembang,1800000.0,Kecantikan,195503.0,3,25.0,Transfer Bank,Bronze,2.6,4,PROMO20,576561.0
34.0,Laki-laki,Jambi,2221134.0,Rumah Tangga,2690884.0,7,0.0,Kartu Kredit,Bronze,3.5,4,GRATISONGKIR,13227359.0
19.0,Laki-laki,Bengkulu,6452755.0,Kecantikan,3623344.0,5,15.0,E-Wallet,Bronze,2.9,5,PROMO10,9056586.0
49.0,Laki-laki,Padang,6879629.0,Elektronik,1902769.0,7,20.0,E-Wallet,Gold,2.6,2,GRATISONGKIR,6985710.0
54.0,Laki-laki,Jambi,3197438.0,Olahraga,2587445.0,3,20.0,E-Wallet,Bronze,4.0,1,GRATISONGKIR,3978345.0
25.0,Laki-laki,Jambi,2694924.0,Elektronik,3481310.0,1,5.0,COD,Gold,2.7,2,PROMO20,2891988.0
45.0,Perempuan,Jambi,6480661.0,Olahraga,772314.0,2,20.0,Kartu Kredit,Silver,3.4,6,HEMAT15,1366860.0
51.0,Perempuan,Palembang,6460568.0,Olahraga,1308412.0,2,5.0,Kartu Kredit,Bronze,4.2,6,GRATISONGKIR,2395084.0
53.0,Laki-laki,Bengkulu,6765424.0,Fashion,2955955.0,1,10.0,COD,Bronze,2.8,7,TANPA_PROMO,2827903.0
19.0,Perempuan,Palembang,4697618.0,Rumah Tangga,605907.0,3,15.0,COD,Gold,3.7,2,PROMO20,2054540.0
37.0,Laki-laki,Palembang,8618140.0,Elektronik,4894225.0,3,5.0,Transfer Bank,Bronze,3.2,6,HEMAT15,8750450.0
41.0,Perempuan,Palembang,11512653.0,Olahraga,4395561.0,2,20.0,Transfer Bank,Silver,4.3,4,PROMO20,5708092.0
28.0,Laki-laki,Padang,7722409.0,Kecantikan,3275021.0,1,15.0,E-Wallet,Bronze,3.9,6,GRATISONGKIR,2640100.0
40.0,Perempuan,Bengkulu,6524967.0,Olahraga,4008916.0,2,10.0,Kartu Kredit,Silver,4.1,2,PROMO10,5043163.0
25.0,Laki-laki,Palembang,3025054.0,Olahraga,266125.0,6,25.0,COD,Bronze,4.6,6,GRATISONGKIR,1243241.0
30.0,Perempuan,Bengkulu,6253660.0,Olahraga,3891201.0,7,15.0,Transfer Bank,Bronze,3.3,4,TANPA_PROMO,15764127.0
19.0,Laki-laki,Padang,9490147.0,Fashion,2751150.0,4,0.0,E-Wallet,Bronze,2.7,1,GRATISONGKIR,7489741.0
44.0,Perempuan,Bengkulu,1800000.0,Rumah Tangga,2274697.0,6,10.0,E-Wallet,Bronze,4.7,3,HEMAT15,7644939.0
50.0,Perempuan,Padang,6765424.0,Olahraga,453556.0,1,0.0,Kartu Kredit,Bronze,3.0,5,GRATISONGKIR,501067.0
39.0,Perempuan,Palembang,4925218.0,Elektronik,1746135.0,1,15.0,Transfer Bank,Bronze,2.8,2,TANPA_PROMO,1536951.0
55.0,Laki-laki,Padang,3511635.0,Kecantikan,1519503.0,4,25.0,Transfer Bank,Bronze,3.0,8,HEMAT15,2636679.0
24.0,Laki-laki,Padang,10276647.0,Elektronik,136704.0,6,20.0,E-Wallet,Platinum,4.0,6,HEMAT15,2226393.0
36.0,Perempuan,Bengkulu,8722759.0,Kecantikan,3325080.0,6,0.0,COD,Bronze,2.9,6,HEMAT15,11817157.0
33.0,Laki-laki,Pekanbaru,7660244.0,Olahraga,2907067.0,3,25.0,COD,Bronze,4.6,5,HEMAT15,4429017.0
41.0,Laki-laki,Palembang,3564566.0,Fashion,2218953.0,2,25.0,Transfer Bank,Bronze,4.7,1,GRATISONGKIR,2316306.0
34.0,Perempuan,Jambi,8936113.0,Kecantikan,2812794.0,4,20.0,E-Wallet,Platinum,3.8,7,TANPA_PROMO,6453096.0
24.0,Laki-laki,Bengkulu,5114282.0,Olahraga,2918104.0,2,15.0,COD,Bronze,4.0,3,GRATISONGKIR,4197968.0
44.0,Laki-laki,Palembang,6202779.0,Fashion,1827798.0,2,0.0,Transfer Bank,Silver,4.9,4,PROMO10,2992287.0
38.0,Perempuan,Bengkulu,8357773.0,Olahraga,2734700.0,4,5.0,Transfer Bank,Bronze,4.9,2,TANPA_PROMO,6828153.0
52.0,Perempuan,Pekanbaru,8926656.0,Olahraga,3068667.0,2,15.0,Transfer Bank,Silver,4.7,6,PROMO20,4320938.0
28.0,Perempuan,Palembang,5893219.0,Kecantikan,3854171.0,2,25.0,E-Wallet,Platinum,2.6,7,TANPA_PROMO,4418690.0
41.0,Laki-laki,Pekanbaru,3836897.0,Fashion,850279.0,2,5.0,COD,Bronze,3.9,4,PROMO20,1327759.0
54.0,Perempuan,Padang,8206040.0,Rumah Tangga,4745488.0,7,15.0,Kartu Kredit,Bronze,4.1,5,PROMO10,16657252.0
32.0,Perempuan,Bengkulu,7276947.0,Fashion,3321060.0,3,0.0,COD,Bronze,4.0,3,TANPA_PROMO,6104502.0
47.0,Laki-laki,Jambi,8290115.0,Rumah Tangga,1895601.0,1,0.0,Kartu Kredit,Bronze,3.6,8,TANPA_PROMO,1525699.0
28.0,Laki-laki,Pekanbaru,9938190.0,Fashion,846086.0,2,10.0,Transfer Bank,Silver,3.6,1,HEMAT15,2736691.0
28.0,Perempuan,Palembang,6741412.0,Kecantikan,2684613.0,1,25.0,COD,Gold,4.7,6,HEMAT15,2363373.0
38.0,Perempuan,Bengkulu,9232335.0,Fashion,1762782.0,1,20.0,COD,Bronze,4.6,6,PROMO20,1831206.0
42.0,Laki-laki,Palembang,6882726.0,Olahraga,3635212.0,4,15.0,COD,Bronze,3.3,1,GRATISONGKIR,7746503.0
44.0,Laki-laki,Padang,6219069.0,Olahraga,4120847.0,5,5.0,E-Wallet,Gold,3.2,2,GRATISONGKIR,12265156.0
53.0,Perempuan,Padang,5381507.0,Olahraga,3927942.0,6,15.0,Kartu Kredit,Bronze,5.0,6,PROMO20,12051042.0
50.0,Laki-laki,Padang,7537714.0,Olahraga,1300013.0,4,25.0,E-Wallet,Bronze,4.1,8,PROMO10,3127341.0
44.0,Perempuan,Jambi,7545701.0,Kecantikan,2238021.0,4,0.0,Kartu Kredit,Silver,3.1,1,TANPA_PROMO,6063706.0
39.0,Laki-laki,Jambi,7226702.0,Rumah Tangga,4142852.0,2,10.0,Transfer Bank,Silver,4.7,8,PROMO10,5456390.0
52.0,Perempuan,Pekanbaru,8668590.0,Elektronik,2925614.0,2,10.0,COD,Bronze,2.5,4,GRATISONGKIR,3963414.0
45.0,Laki-laki,Palembang,4173431.0,Kecantikan,609894.0,4,25.0,Transfer Bank,Bronze,3.0,6,GRATISONGKIR,1515108.0
25.0,Perempuan,Bengkulu,3077350.0,Olahraga,771495.0,3,5.0,Transfer Bank,Silver,2.6,3,PROMO20,1924818.0
36.0,Perempuan,Palembang,8983555.0,Elektronik,941052.0,4,15.0,Kartu Kredit,Silver,4.7,1,HEMAT15,3733736.0
29.0,Perempuan,Pekanbaru,8321938.0,Fashion,912257.0,6,20.0,COD,Gold,3.7,8,TANPA_PROMO,3828643.0
37.0,Perempuan,Bengkulu,6584813.0,Kecantikan,4632090.0,3,20.0,Transfer Bank,Gold,2.9,6,GRATISONGKIR,6803157.0
41.0,Perempuan,Jambi,8133203.0,Elektronik,2221106.0,5,25.0,E-Wallet,Platinum,3.8,7,GRATISONGKIR,6059680.0
49.0,Laki-laki,Pekanbaru,75000000.0,Elektronik,3029184.0,2,10.0,Kartu Kredit,Gold,3.8,4,PROMO20,3759850.0
49.0,Laki-laki,Jambi,2868381.0,Olahraga,2017026.0,1,0.0,COD,Bronze,3.2,2,PROMO10,1858933.0
24.0,Perempuan,Palembang,9109592.0,Olahraga,4575471.0,1,5.0,E-Wallet,Gold,4.8,4,TANPA_PROMO,4421571.0
50.0,Laki-laki,Bengkulu,3730548.0,Rumah Tangga,3797443.0,2,25.0,E-Wallet,Bronze,2.6,8,PROMO10,3549220.0
26.0,Perempuan,Jambi,6854977.0,Olahraga,2960028.0,5,0.0,Kartu Kredit,Bronze,3.8,5,PROMO20,9049554.0
39.0,Laki-laki,Bengkulu,2950497.0,Elektronik,153263.0,50,20.0,Transfer Bank,Bronze,2.9,8,GRATISONGKIR,831977.0
44.0,Laki-laki,Pekanbaru,7854559.0,Elektronik,62791.0,1,0.0,E-Wallet,Silver,3.9,4,HEMAT15,1245766.0
50.0,Laki-laki,Palembang,7087511.0,Kecantikan,963696.0,1,5.0,E-Wallet,Silver,4.5,4,GRATISONGKIR,1764393.0
42.0,Perempuan,Pekanbaru,7715573.0,Olahraga,1678636.0,4,10.0,COD,Bronze,4.3,7,PROMO20,4088604.0
47.0,Laki-laki,Palembang,7809882.0,Kecantikan,2007948.0,2,20.0,Kartu Kredit,Bronze,3.8,6,HEMAT15,2764482.0
41.0,Laki-laki,Bengkulu,2083350.0,Kecantikan,2194571.0,2,15.0,Transfer Bank,Silver,4.7,5,PROMO20,2451348.0
45.0,Perempuan,Padang,10140952.0,Fashion,2639269.0,6,15.0,E-Wallet,Silver,3.7,3,PROMO10,8570252.0
35.0,Laki-laki,Padang,6481880.0,Kecantikan,3002603.0,1,5.0,Transfer Bank,Gold,4.9,5,PROMO10,2954758.0
39.0,Laki-laki,Padang,6414613.0,Olahraga,2548982.0,2,15.0,Transfer Bank,Gold,4.0,8,TANPA_PROMO,3558377.0
39.0,Perempuan,Padang,8304541.0,Rumah Tangga,2986729.0,1,5.0,Kartu Kredit,Gold,3.1,8,HEMAT15,2812446.0
52.0,Perempuan,Bengkulu,6172868.0,Fashion,2690884.0,7,15.0,Kartu Kredit,Silver,4.8,2,TANPA_PROMO,8473243.0
43.0,Perempuan,Bengkulu,8181250.0,Fashion,4131345.0,4,10.0,E-Wallet,Bronze,4.9,3,PROMO20,9504802.0
39.0,Perempuan,Palembang,1925919.0,Olahraga,4874764.0,3,15.0,Kartu Kredit,Silver,3.8,5,PROMO10,7386348.0
27.0,Perempuan,Palembang,9811055.0,Kecantikan,3145258.0,1,20.0,COD,Gold,3.6,3,PROMO10,2578697.0
95.0,Laki-laki,Padang,6672500.0,Kecantikan,3919862.0,1,5.0,COD,Bronze,5.0,3,GRATISONGKIR,3275812.0
39.0,Perempuan,Palembang,5192178.0,Olahraga,493650.0,4,20.0,Kartu Kredit,Bronze,4.6,8,PROMO10,1780058.0
43.0,Perempuan,Jambi,7035604.0,Olahraga,3637891.0,7,15.0,Kartu Kredit,Bronze,2.9,8,PROMO20,12841830.0
32.0,Perempuan,Palembang,7637435.0,Elektronik,2355773.0,6,20.0,Transfer Bank,Platinum,2.7,7,TANPA_PROMO,7777946.0
46.0,Laki-laki,Bengkulu,2743990.0,Kecantikan,3268956.0,1,15.0,Kartu Kredit,Platinum,4.6,5,HEMAT15,2890622.0
26.0,Perempuan,Palembang,6311321.0,Kecantikan,3890233.0,7,20.0,E-Wallet,Silver,3.8,1,TANPA_PROMO,13299615.0
33.0,Laki-laki,Palembang,6095340.0,Fashion,672420.0,1,15.0,COD,Bronze,4.2,3,PROMO10,1243409.0
54.0,Laki-laki,Pekanbaru,7444786.0,Fashion,4327870.0,5,5.0,Kartu Kredit,Bronze,2.7,1,TANPA_PROMO,12340232.0
35.0,Laki-laki,Padang,9386602.0,Kecantikan,2765074.0,6,5.0,Transfer Bank,Bronze,3.4,3,PROMO10,9815737.0
30.0,Perempuan,Pekanbaru,9150935.0,Kecantikan,2054853.0,6,15.0,COD,Bronze,3.6,4,GRATISONGKIR,7042478.0
38.0,Perempuan,Padang,5142401.0,Fashion,3302070.0,4,15.0,Kartu Kredit,Bronze,4.1,6,TANPA_PROMO,6677827.0
39.0,Laki-laki,Palembang,8313714.0,Elektronik,2769600.0,4,0.0,E-Wallet,Platinum,2.8,3,PROMO20,8119342.0
52.0,Perempuan,Bengkulu,10112612.0,Kecantikan,3850233.0,4,20.0,E-Wallet,Bronze,2.8,8,PROMO20,7471544.0
18.0,Perempuan,Jambi,7953706.0,Rumah Tangga,4424363.0,7,15.0,COD,Bronze,4.9,2,TANPA_PROMO,15738426.0
45.0,Perempuan,Jambi,5458462.0,Fashion,4297032.0,7,5.0,Transfer Bank,Bronze,2.5,1,TANPA_PROMO,16620310.0
45.0,Perempuan,Bengkulu,8515577.0,Kecantikan,1141778.0,3,0.0,E-Wallet,Silver,4.3,4,HEMAT15,3354204.0
25.0,Perempuan,Palembang,8145676.0,Rumah Tangga,3591680.0,7,15.0,Transfer Bank,Gold,4.7,8,PROMO10,12975998.0
49.0,Perempuan,Palembang,4504812.0,Olahraga,1815824.0,4,0.0,COD,Gold,3.8,7,PROMO10,4799978.0
49.0,Laki-laki,Bengkulu,7979335.0,Rumah Tangga,2690884.0,4,10.0,E-Wallet,Silver,3.6,2,HEMAT15,7274058.0
44.0,Perempuan,Bengkulu,9802138.0,Olahraga,2630109.0,4,25.0,E-Wallet,Gold,3.0,2,TANPA_PROMO,6072012.0
42.0,Laki-laki,Padang,5172440.0,Fashion,3987776.0,7,15.0,Transfer Bank,Silver,3.5,3,HEMAT15,13990180.0
39.0,Perempuan,Palembang,4925218.0,Elektronik,1746135.0,1,15.0,Transfer Bank,Bronze,2.8,2,TANPA_PROMO,1536951.0
49.0,Perempuan,Palembang,12233150.0,Rumah Tangga,4087956.0,7,25.0,Kartu Kredit,Gold,4.9,3,PROMO20,13795993.0
34.0,Laki-laki,Bengkulu,10499643.0,Kecantikan,136030.0,5,25.0,E-Wallet,Gold,3.3,4,PROMO10,1727210.0
43.0,Perempuan,Jambi,3396129.0,Fashion,4818567.0,6,0.0,COD,Silver,3.5,6,PROMO20,16419736.0
26.0,Perempuan,Jambi,8589375.0,Rumah Tangga,497884.0,4,15.0,Transfer Bank,Silver,3.9,2,GRATISONGKIR,2578296.0
41.0,Perempuan,Pekanbaru,3747808.0,Olahraga,480843.0,7,5.0,COD,Silver,4.3,7,HEMAT15,2482093.0
19.0,Laki-laki,Palembang,5465381.0,Elektronik,3278010.0,5,15.0,Transfer Bank,Silver,3.7,4,TANPA_PROMO,8291955.0
19.0,Perempuan,Bengkulu,6528493.0,Kecantikan,50000000.0,2,20.0,Transfer Bank,Silver,3.1,1,GRATISONGKIR,2742156.0
31.0,Perempuan,Bengkulu,4505527.0,Kecantikan,2527204.0,5,5.0,Transfer Bank,Gold,4.8,2,PROMO10,7959001.0
41.0,Laki-laki,Jambi,12651272.0,Olahraga,4866834.0,1,5.0,Transfer Bank,Bronze,4.1,3,PROMO10,4268913.0
23.0,Laki-laki,Padang,4415412.0,Fashion,3363482.0,4,5.0,Kartu Kredit,Silver,4.8,5,PROMO20,7751580.0
32.0,Perempuan,Pekanbaru,9100343.0,Kecantikan,4188190.0,6,0.0,Kartu Kredit,Bronze,4.4,4,PROMO10,15339627.0
55.0,Perempuan,Pekanbaru,3123707.0,Rumah Tangga,1649497.0,2,15.0,COD,Silver,3.9,1,TANPA_PROMO,2490617.0
21.0,Perempuan,Padang,3305151.0,Elektronik,3181076.0,6,10.0,Transfer Bank,Platinum,3.9,2,TANPA_PROMO,10566379.0
49.0,Perempuan,Pekanbaru,6587432.0,Olahraga,4304108.0,2,25.0,Transfer Bank,Gold,4.3,5,HEMAT15,5192045.0
41.0,Laki-laki,Bengkulu,6765424.0,Fashion,3602297.0,7,5.0,COD,Silver,3.0,2,TANPA_PROMO,14360363.0
50.0,Laki-laki,Padang,4498805.0,Elektronik,3808754.0,6,10.0,E-Wallet,Bronze,3.9,6,PROMO10,12242976.0
26.0,Laki-laki,Padang,5852393.0,Kecantikan,760535.0,3,15.0,COD,Silver,4.6,7,GRATISONGKIR,1713315.0
42.0,Perempuan,Padang,10578724.0,Rumah Tangga,3169533.0,1,25.0,COD,Gold,4.0,2,HEMAT15,3041976.0
25.0,Perempuan,Bengkulu,1800000.0,Olahraga,3056167.0,5,0.0,Transfer Bank,Platinum,3.8,3,TANPA_PROMO,9931287.0
49.0,Perempuan,Jambi,7218131.0,Olahraga,2056285.0,4,20.0,E-Wallet,Platinum,3.7,2,PROMO10,5439401.0
20.0,Laki-laki,Bengkulu,2741293.0,Olahraga,2690884.0,3,15.0,Kartu Kredit,Gold,3.2,6,PROMO10,2575893.0
23.0,Perempuan,Palembang,9612920.0,Olahraga,4702108.0,4,10.0,COD,Bronze,3.1,8,TANPA_PROMO,10523182.0
40.0,Laki-laki,Jambi,5908565.0,Fashion,2094504.0,2,15.0,E-Wallet,Silver,4.8,7,HEMAT15,2822155.0
20.0,Perempuan,Pekanbaru,7125840.0,Fashion,3837695.0,5,15.0,Transfer Bank,Gold,3.5,4,PROMO10,10531575.0
45.0,Laki-laki,Padang,6819499.0,Elektronik,3290731.0,7,0.0,Transfer Bank,Silver,3.7,8,PROMO20,13674664.0
39.0,Perempuan,Padang,6096368.0,Elektronik,3329975.0,4,10.0,Transfer Bank,Silver,4.0,7,PROMO10,7546977.0
26.0,Perempuan,Jambi,8057434.0,Kecantikan,3734181.0,3,20.0,COD,Gold,3.8,7,TANPA_PROMO,6154504.0
24.0,Perempuan,Bengkulu,10422848.0,Rumah Tangga,1091230.0,2,25.0,E-Wallet,Silver,2.8,7,PROMO10,2376189.0
52.0,Laki-laki,Bengkulu,3132947.0,Rumah Tangga,2491720.0,5,0.0,Transfer Bank,Gold,4.5,4,HEMAT15,7870022.0
39.0,Perempuan,Pekanbaru,6823857.0,Kecantikan,2409643.0,5,0.0,Transfer Bank,Gold,4.6,1,TANPA_PROMO,8445112.0
43.0,Perempuan,Pekanbaru,5458105.0,Fashion,4961060.0,4,20.0,COD,Bronze,2.6,2,TANPA_PROMO,9358779.0
42.0,Perempuan,Padang,6768519.0,Kecantikan,966881.0,3,20.0,E-Wallet,Platinum,3.5,8,PROMO20,2774236.0
50.0,Laki-laki,Bengkulu,2295242.0,Kecantikan,3218015.0,4,20.0,Transfer Bank,Gold,4.6,7,PROMO10,6486063.0
37.0,Perempuan,Palembang,8594143.0,Elektronik,94701.0,50,20.0,E-Wallet,Gold,4.1,3,PROMO10,1670847.0
52.0,Laki-laki,Padang,9329527.0,Rumah Tangga,4124711.0,3,15.0,Kartu Kredit,Gold,4.3,6,GRATISONGKIR,7255798.0
25.0,Perempuan,Padang,8413429.0,Rumah Tangga,4351058.0,2,0.0,COD,Silver,3.5,4,PROMO10,5873330.0
35.0,Laki-laki,Bengkulu,5002363.0,Elektronik,2690884.0,6,5.0,Transfer Bank,Bronze,3.7,6,HEMAT15,3569338.0
24.0,Perempuan,Jambi,8414022.0,Olahraga,3351509.0,5,0.0,COD,Platinum,3.6,4,PROMO10,11056058.0
22.0,Perempuan,Pekanbaru,4817459.0,Olahraga,2046144.0,4,0.0,Transfer Bank,Silver,4.5,7,PROMO10,5195942.0
50.0,Perempuan,Bengkulu,6232817.0,Fashion,4511809.0,3,10.0,E-Wallet,Silver,4.6,8,GRATISONGKIR,7720153.0
19.0,Perempuan,Bengkulu,6887105.0,Olahraga,2722534.0,6,15.0,Kartu Kredit,Platinum,2.6,4,PROMO10,9111674.0
39.0,Perempuan,Bengkulu,8065199.0,Rumah Tangga,790424.0,5,20.0,E-Wallet,Silver,3.4,7,PROMO10,2942614.0
31.0,Laki-laki,Palembang,10259790.0,Olahraga,4418541.0,1,5.0,E-Wallet,Silver,2.8,8,TANPA_PROMO,3671523.0
54.0,Perempuan,Jambi,7129156.0,Fashion,2437664.0,4,25.0,COD,Silver,4.0,3,PROMO20,5366484.0
49.0,Perempuan,Bengkulu,8889432.0,Olahraga,2944120.0,6,0.0,Kartu Kredit,Silver,3.5,2,TANPA_PROMO,11159935.0
20.0,Laki-laki,Jambi,6037963.0,Olahraga,2271449.0,4,0.0,Transfer Bank,Silver,4.4,3,HEMAT15,5987974.0
29.0,Laki-laki,Bengkulu,2419471.0,Rumah Tangga,2656788.0,5,10.0,E-Wallet,Bronze,3.9,5,PROMO10,7162321.0
45.0,Perempuan,Bengkulu,5555896.0,Rumah Tangga,2025277.0,7,10.0,E-Wallet,Platinum,2.6,1,PROMO20,8119288.0
23.0,Perempuan,Pekanbaru,5842997.0,Fashion,2632564.0,3,25.0,E-Wallet,Platinum,2.5,1,GRATISONGKIR,4888638.0
46.0,Perempuan,Bengkulu,4247599.0,Rumah Tangga,3084074.0,1,20.0,E-Wallet,Gold,3.8,8,PROMO10,2553251.0
54.0,Laki-laki,Jambi,4499853.0,Fashion,3689984.0,1,15.0,Transfer Bank,Bronze,4.8,1,GRATISONGKIR,2846409.0
52.0,Laki-laki,Palembang,5705828.0,Elektronik,1478994.0,6,10.0,Kartu Kredit,Silver,2.8,3,HEMAT15,5064195.0
22.0,Laki-laki,Jambi,10001778.0,Kecantikan,2921556.0,5,0.0,Transfer Bank,Gold,3.9,8,TANPA_PROMO,9681654.0
52.0,Laki-laki,Jambi,4298422.0,Olahraga,1675487.0,2,20.0,E-Wallet,Bronze,4.3,3,HEMAT15,2087410.0
24.0,Laki-laki,Bengkulu,7549022.0,Olahraga,1044252.0,5,20.0,Kartu Kredit,Bronze,2.8,4,PROMO10,2933862.0
25.0,Laki-laki,Padang,6428873.0,Kecantikan,4210239.0,3,15.0,Transfer Bank,Gold,4.5,1,HEMAT15,7212047.0
53.0,Perempuan,Padang,8825675.0,Kecantikan,1909578.0,6,10.0,E-Wallet,Bronze,2.8,8,TANPA_PROMO,6801170.0
45.0,Perempuan,Padang,3016505.0,Kecantikan,2013466.0,6,25.0,Kartu Kredit,Gold,3.3,7,PROMO10,5540848.0
32.0,Perempuan,Palembang,8294874.0,Elektronik,2875977.0,2,10.0,COD,Platinum,3.5,3,PROMO10,4574223.0
30.0,Laki-laki,Palembang,9401445.0,Olahraga,1687902.0,1,0.0,Kartu Kredit,Silver,4.3,2,PROMO10,2325557.0
43.0,Laki-laki,Palembang,7076263.0,Rumah Tangga,1775440.0,6,15.0,E-Wallet,Silver,3.9,3,TANPA_PROMO,5919247.0
46.0,Perempuan,Palembang,4954388.0,Fashion,50000000.0,6,10.0,Transfer Bank,Bronze,2.7,5,PROMO20,547586.0
23.0,Perempuan,Palembang,11566406.0,Elektronik,2684688.0,6,25.0,E-Wallet,Bronze,4.4,3,TANPA_PROMO,8157507.0
46.0,Laki-laki,Palembang,10780917.0,Rumah Tangga,2029531.0,3,15.0,COD,Gold,3.9,6,PROMO20,4557202.0
18.0,Perempuan,Pekanbaru,4785262.0,Elektronik,2960889.0,4,10.0,COD,Platinum,3.6,3,HEMAT15,7258009.0
36.0,Perempuan,Jambi,6556257.0,Rumah Tangga,1211078.0,7,25.0,Kartu Kredit,Gold,4.7,6,GRATISONGKIR,4635145.0
47.0,Laki-laki,Jambi,6227433.0,Olahraga,402837.0,4,25.0,Kartu Kredit,Silver,4.9,5,GRATISONGKIR,1747532.0
31.0,Laki-laki,Pekanbaru,12012516.0,Fashion,3050634.0,6,0.0,E-Wallet,Bronze,3.9,3,PROMO10,11499613.0
23.0,Perempuan,Jambi,5631919.0,Elektronik,3456629.0,4,5.0,Kartu Kredit,Gold,4.3,1,PROMO10,8764045.0
44.0,Perempuan,Jambi,6691478.0,Olahraga,2739338.0,4,10.0,COD,Bronze,4.0,5,PROMO20,6299170.0
26.0,Laki-laki,Palembang,8672485.0,Olahraga,458417.0,3,25.0,E-Wallet,Silver,2.9,5,HEMAT15,1770601.0
31.0,Perempuan,Pekanbaru,8031972.0,Elektronik,3007506.0,5,10.0,Kartu Kredit,Bronze,2.6,6,TANPA_PROMO,8153262.0
32.0,Perempuan,Bengkulu,8785418.0,Elektronik,1927825.0,6,25.0,E-Wallet,Silver,3.3,4,PROMO20,5863464.0
25.0,Laki-laki,Pekanbaru,11555510.0,Olahraga,4243478.0,3,0.0,E-Wallet,Bronze,3.4,4,GRATISONGKIR,8540172.0
18.0,Laki-laki,Jambi,9006147.0,Rumah Tangga,3044522.0,6,20.0,Kartu Kredit,Silver,3.8,1,TANPA_PROMO,9427998.0
39.0,Perempuan,Jambi,4322917.0,Kecantikan,1268045.0,2,5.0,Transfer Bank,Gold,4.8,2,HEMAT15,2582467.0
20.0,Laki-laki,Jambi,8848404.0,Rumah Tangga,4922539.0,1,0.0,Kartu Kredit,Gold,2.5,4,GRATISONGKIR,4446817.0
35.0,Laki-laki,Palembang,9249572.0,Rumah Tangga,4162842.0,5,20.0,Kartu Kredit,Bronze,3.9,6,PROMO10,10274622.0
48.0,Laki-laki,Jambi,5817240.0,Olahraga,4592875.0,2,25.0,Kartu Kredit,Gold,4.8,4,PROMO20,5225290.0
20.0,Laki-laki,Pekanbaru,7746863.0,Olahraga,140920.0,3,15.0,Transfer Bank,Silver,4.5,1,HEMAT15,1747393.0
37.0,Laki-laki,Padang,5467234.0,Rumah Tangga,3262920.0,2,10.0,COD,Gold,4.5,8,PROMO20,4542361.0
39.0,Laki-laki,Bengkulu,5844168.0,Rumah Tangga,2814143.0,4,25.0,COD,Gold,3.1,5,PROMO10,5565281.0
46.0,Laki-laki,Pekanbaru,7915379.0,Elektronik,2213969.0,6,5.0,E-Wallet,Bronze,4.3,8,GRATISONGKIR,7391340.0
35.0,Perempuan,Jambi,4498676.0,Fashion,4709126.0,2,25.0,Kartu Kredit,Silver,4.6,4,GRATISONGKIR,4852395.0
36.0,Laki-laki,Jambi,5718929.0,Fashion,590093.0,1,5.0,Kartu Kredit,Gold,4.8,7,HEMAT15,1509925.0
40.0,Perempuan,Bengkulu,4167432.0,Kecantikan,658706.0,7,5.0,COD,Platinum,2.7,6,HEMAT15,3543792.0
33.0,Laki-laki,Pekanbaru,7066441.0,Elektronik,3270033.0,7,10.0,Transfer Bank,Bronze,4.3,4,PROMO20,12269079.0
50.0,Perempuan,Jambi,6765424.0,Kecantikan,4775567.0,5,15.0,COD,Platinum,3.2,2,TANPA_PROMO,12622948.0
50.0,Laki-laki,Bengkulu,4747693.0,Fashion,1211636.0,1,25.0,Transfer Bank,Platinum,2.6,1,GRATISONGKIR,1721080.0
40.0,Laki-laki,Palembang,7635474.0,Elektronik,3929971.0,2,20.0,E-Wallet,Silver,4.9,1,HEMAT15,4667234.0
22.0,Perempuan,Bengkulu,8894789.0,Rumah Tangga,4338871.0,6,5.0,COD,Silver,3.1,8,TANPA_PROMO,14771049.0
28.0,Laki-laki,Jambi,4895157.0,Olahraga,2690884.0,2,25.0,Kartu Kredit,Gold,3.1,4,HEMAT15,3359106.0
45.0,Laki-laki,Bengkulu,5775598.0,Kecantikan,521544.0,5,10.0,Kartu Kredit,Bronze,4.5,8,TANPA_PROMO,2115751.0
41.0,Perempuan,Bengkulu,11085850.0,Fashion,1663331.0,7,0.0,COD,Bronze,4.4,6,TANPA_PROMO,7607525.0
32.0,Laki-laki,Pekanbaru,5398270.0,Fashion,2422431.0,3,15.0,COD,Platinum,3.4,1,TANPA_PROMO,4899897.0
52.0,Laki-laki,Jambi,3710353.0,Fashion,873341.0,4,20.0,COD,Silver,3.5,6,TANPA_PROMO,2134201.0
33.0,Perempuan,Pekanbaru,5237742.0,Elektronik,251733.0,2,20.0,Transfer Bank,Bronze,5.0,5,TANPA_PROMO,1012948.0
31.0,Laki-laki,Bengkulu,11047497.0,Olahraga,253858.0,5,20.0,Transfer Bank,Gold,4.8,1,TANPA_PROMO,2649922.0
37.0,Laki-laki,Palembang,6282502.0,Elektronik,4759819.0,3,10.0,E-Wallet,Gold,3.6,6,PROMO10,8378244.0
20.0,Perempuan,Bengkulu,6418521.0,Kecantikan,2259525.0,6,5.0,E-Wallet,Silver,5.0,1,HEMAT15,8365871.0
45.0,Perempuan,Padang,6064481.0,Rumah Tangga,4888459.0,7,25.0,Kartu Kredit,Gold,3.8,2,PROMO20,15485367.0
53.0,Laki-laki,Bengkulu,9942350.0,Kecantikan,532097.0,4,25.0,COD,Silver,4.7,8,GRATISONGKIR,2151189.0
50.0,Laki-laki,Padang,8270567.0,Elektronik,2636281.0,5,15.0,Kartu Kredit,Platinum,3.4,4,PROMO10,8128156.0
54.0,Laki-laki,Pekanbaru,9107463.0,Kecantikan,4967018.0,3,20.0,COD,Silver,3.3,3,HEMAT15,7935043.0
41.0,Perempuan,Jambi,4914609.0,Olahraga,2690884.0,4,0.0,COD,Bronze,4.5,4,GRATISONGKIR,6888062.0
39.0,Laki-laki,Bengkulu,8497318.0,Elektronik,3758350.0,7,25.0,COD,Bronze,3.8,4,TANPA_PROMO,11952478.0
50.0,Laki-laki,Bengkulu,7019199.0,Olahraga,1931369.0,6,25.0,COD,Bronze,4.1,6,PROMO20,5675887.0
26.0,Laki-laki,Bengkulu,10253561.0,Fashion,1950043.0,3,20.0,Kartu Kredit,Gold,3.8,5,PROMO10,4094967.0
25.0,Perempuan,Bengkulu,6620822.0,Rumah Tangga,1694957.0,6,20.0,Kartu Kredit,Silver,5.0,3,TANPA_PROMO,6044474.0
46.0,Perempuan,Jambi,6765424.0,Elektronik,1933078.0,5,20.0,Kartu Kredit,Silver,3.7,4,GRATISONGKIR,5607738.0
47.0,Perempuan,Jambi,8193823.0,Rumah Tangga,4707333.0,6,25.0,E-Wallet,Bronze,4.3,5,PROMO10,12710043.0
19.0,Perempuan,Padang,3202949.0,Rumah Tangga,838473.0,2,20.0,Transfer Bank,Silver,4.1,4,PROMO10,1496668.0
37.0,Perempuan,Bengkulu,4573463.0,Kecantikan,1644369.0,1,25.0,COD,Gold,4.9,4,PROMO10,2136048.0
50.0,Laki-laki,Jambi,5409884.0,Fashion,787510.0,5,10.0,Transfer Bank,Gold,2.6,3,PROMO20,2822361.0
35.0,Laki-laki,Bengkulu,5002363.0,Elektronik,861797.0,6,5.0,Transfer Bank,Bronze,3.7,6,HEMAT15,3569338.0
22.0,Laki-laki,Jambi,7011888.0,Kecantikan,1025913.0,4,25.0,E-Wallet,Gold,5.0,8,PROMO10,3219442.0
50.0,Laki-laki,Pekanbaru,7470130.0,Fashion,1258529.0,4,25.0,Kartu Kredit,Bronze,4.6,2,PROMO20,3497994.0
41.0,Perempuan,Palembang,3386554.0,Fashion,3418260.0,1,15.0,Kartu Kredit,Silver,3.5,2,PROMO20,2120088.0
21.0,Laki-laki,Pekanbaru,7005257.0,Rumah Tangga,664889.0,4,20.0,COD,Bronze,3.3,4,PROMO20,1748791.0
41.0,Perempuan,Jambi,7949151.0,Elektronik,3162386.0,5,5.0,E-Wallet,Bronze,4.3,7,TANPA_PROMO,9238906.0
21.0,Laki-laki,Pekanbaru,11556631.0,Elektronik,1013064.0,5,5.0,Kartu Kredit,Silver,3.7,7,PROMO20,4228234.0
28.0,Perempuan,Bengkulu,1800000.0,Rumah Tangga,2690884.0,3,20.0,Kartu Kredit,Bronze,3.2,3,HEMAT15,2706743.0
48.0,Laki-laki,Padang,8021565.0,Kecantikan,4884790.0,7,20.0,Transfer Bank,Silver,3.5,5,PROMO20,15947902.0
18.0,Laki-laki,Palembang,7424714.0,Olahraga,4329814.0,4,25.0,Kartu Kredit,Silver,3.0,5,PROMO20,8235740.0
45.0,Laki-laki,Padang,6827559.0,Elektronik,4934130.0,2,15.0,E-Wallet,Bronze,4.1,8,PROMO10,5698192.0
52.0,Perempuan,Pekanbaru,9231771.0,Olahraga,4116132.0,6,5.0,Kartu Kredit,Platinum,3.0,6,PROMO20,14703767.0
49.0,Laki-laki,Palembang,5025914.0,Elektronik,3774517.0,7,20.0,Transfer Bank,Silver,3.2,5,HEMAT15,12492117.0
37.0,Perempuan,Bengkulu,2930448.0,Olahraga,3667606.0,4,10.0,COD,Platinum,4.2,6,PROMO20,8382278.0
18.0,Laki-laki,Palembang,13047633.0,Olahraga,3975133.0,3,20.0,E-Wallet,Bronze,4.2,1,GRATISONGKIR,7232793.0
43.0,Perempuan,Jambi,7521937.0,Elektronik,4679249.0,5,5.0,Kartu Kredit,Platinum,3.4,2,PROMO20,13834761.0
32.0,Perempuan,Bengkulu,3874828.0,Kecantikan,3011720.0,6,20.0,Kartu Kredit,Bronze,3.9,4,HEMAT15,8688505.0
23.0,Laki-laki,Pekanbaru,7073994.0,Fashion,2994144.0,3,5.0,COD,Silver,3.7,7,HEMAT15,5436801.0
34.0,Perempuan,Bengkulu,75000000.0,Rumah Tangga,3283652.0,5,5.0,E-Wallet,Gold,4.0,8,TANPA_PROMO,9234547.0
40.0,Laki-laki,Padang,5934331.0,Elektronik,4597455.0,1,10.0,E-Wallet,Platinum,4.4,6,TANPA_PROMO,3624326.0
42.0,Laki-laki,Padang,6974893.0,Kecantikan,2694499.0,7,25.0,Kartu Kredit,Bronze,3.9,4,GRATISONGKIR,8615670.0
51.0,Perempuan,Jambi,7721320.0,Olahraga,2182767.0,4,5.0,E-Wallet,Bronze,2.8,7,HEMAT15,5375697.0
51.0,Laki-laki,Jambi,8721769.0,Elektronik,4805864.0,1,0.0,Transfer Bank,Bronze,4.3,3,PROMO10,4068804.0
35.0,Perempuan,Pekanbaru,9334494.0,Olahraga,1529238.0,6,20.0,COD,Bronze,3.4,4,TANPA_PROMO,5336910.0
38.0,Perempuan,Palembang,2639469.0,Kecantikan,4488736.0,4,5.0,Kartu Kredit,Silver,4.2,8,TANPA_PROMO,9621719.0
33.0,Perempuan,Palembang,5005668.0,Fashion,122602.0,6,20.0,E-Wallet,Platinum,4.6,3,HEMAT15,2032183.0
19.0,Laki-laki,Bengkulu,5863369.0,Olahraga,2349763.0,2,15.0,COD,Silver,2.6,5,HEMAT15,3337806.0
26.0,Laki-laki,Padang,10252815.0,Fashion,1057712.0,1,5.0,COD,Gold,3.3,3,PROMO20,2196583.0
34.0,Laki-laki,Jambi,3575879.0,Rumah Tangga,3105891.0,7,0.0,Kartu Kredit,Platinum,4.7,1,PROMO20,13342939.0
18.0,Perempuan,Palembang,5252241.0,Kecantikan,1162271.0,6,15.0,E-Wallet,Bronze,4.5,7,PROMO20,4145230.0
46.0,Perempuan,Jambi,5935003.0,Rumah Tangga,853790.0,7,0.0,Kartu Kredit,Bronze,2.9,2,PROMO10,4063892.0
47.0,Laki-laki,Palembang,4179799.0,Elektronik,2962643.0,7,20.0,E-Wallet,Platinum,3.2,2,HEMAT15,10493357.0
40.0,Perempuan,Jambi,5704786.0,Kecantikan,2656171.0,7,15.0,Transfer Bank,Silver,4.2,8,PROMO20,9671719.0
50.0,Laki-laki,Palembang,6454133.0,Olahraga,883800.0,6,0.0,Transfer Bank,Silver,3.8,7,HEMAT15,3746949.0
51.0,Laki-laki,Palembang,5268568.0,Elektronik,4739385.0,5,20.0,Transfer Bank,Platinum,3.7,4,PROMO10,11793375.0
21.0,Perempuan,Padang,6342317.0,Elektronik,3102193.0,2,20.0,Transfer Bank,Bronze,2.8,1,PROMO10,3345786.0
28.0,Perempuan,Bengkulu,7016591.0,Rumah Tangga,3445540.0,2,10.0,E-Wallet,Silver,2.6,4,HEMAT15,4525424.0
20.0,Laki-laki,Pekanbaru,8753430.0,Olahraga,982328.0,2,20.0,Kartu Kredit,Bronze,4.3,5,HEMAT15,1575443.0
20.0,Laki-laki,Bengkulu,6754507.0,Rumah Tangga,2151411.0,5,20.0,E-Wallet,Bronze,2.8,2,PROMO10,5842088.0
33.0,Perempuan,Pekanbaru,6775101.0,Fashion,3677850.0,6,25.0,E-Wallet,Bronze,3.7,5,PROMO10,10007086.0
43.0,Laki-laki,Jambi,5238113.0,Kecantikan,561379.0,5,5.0,Transfer Bank,Gold,2.8,2,PROMO20,2826597.0
48.0,Laki-laki,Bengkulu,6903726.0,Olahraga,2447772.0,2,10.0,COD,Bronze,2.7,2,PROMO10,3407119.0
19.0,Perempuan,Pekanbaru,5218322.0,Elektronik,4486295.0,7,5.0,Transfer Bank,Platinum,2.9,8,HEMAT15,17601316.0
42.0,Laki-laki,Pekanbaru,9033136.0,Kecantikan,2839023.0,1,0.0,Transfer Bank,Platinum,4.0,1,GRATISONGKIR,3235859.0
34.0,Laki-laki,Bengkulu,6765424.0,Rumah Tangga,589146.0,1,25.0,E-Wallet,Gold,2.8,5,PROMO10,1633041.0
39.0,Perempuan,Padang,6409121.0,Rumah Tangga,4543702.0,4,20.0,E-Wallet,Gold,4.9,6,GRATISONGKIR,9539823.0
19.0,Laki-laki,Bengkulu,3552817.0,Olahraga,219229.0,6,15.0,Kartu Kredit,Bronze,3.4,6,PROMO10,1244598.0
46.0,Laki-laki,Pekanbaru,4421680.0,Kecantikan,4651549.0,3,10.0,COD,Bronze,4.1,1,PROMO20,7965089.0
53.0,Perempuan,Padang,7250174.0,Olahraga,823011.0,2,5.0,Kartu Kredit,Silver,3.0,5,GRATISONGKIR,1834338.0
47.0,Perempuan,Palembang,6010409.0,Kecantikan,2002108.0,2,20.0,E-Wallet,Bronze,4.2,3,HEMAT15,2341947.0
41.0,Perempuan,Jambi,3134519.0,Olahraga,1828291.0,3,15.0,E-Wallet,Bronze,4.5,8,HEMAT15,3123612.0
23.0,Laki-laki,Padang,5614608.0,Fashion,1595133.0,5,10.0,Kartu Kredit,Bronze,5.0,6,PROMO20,4661527.0
49.0,Perempuan,Jambi,4963925.0,Fashion,3047414.0,5,0.0,Kartu Kredit,Bronze,4.3,7,PROMO10,9387353.0
52.0,Laki-laki,Padang,4415849.0,Elektronik,2594280.0,5,5.0,Transfer Bank,Gold,3.4,6,GRATISONGKIR,7735135.0
29.0,Perempuan,Bengkulu,5491274.0,Fashion,1624652.0,6,5.0,Transfer Bank,Silver,3.7,1,HEMAT15,6158437.0
32.0,Perempuan,Bengkulu,5532299.0,Kecantikan,392207.0,7,20.0,Kartu Kredit,Silver,3.4,5,HEMAT15,2360210.0
29.0,Perempuan,Padang,9115362.0,Elektronik,4765611.0,3,5.0,E-Wallet,Silver,4.4,2,HEMAT15,9077223.0
18.0,Perempuan,Jambi,10695442.0,Olahraga,3097923.0,7,5.0,COD,Gold,3.8,1,GRATISONGKIR,13486168.0
22.0,Laki-laki,Pekanbaru,9611353.0,Kecantikan,3292296.0,6,10.0,E-Wallet,Silver,3.7,5,TANPA_PROMO,10854429.0
36.0,Laki-laki,Palembang,5443730.0,Kecantikan,2421957.0,2,0.0,Kartu Kredit,Silver,2.8,4,PROMO10,3647601.0
54.0,Laki-laki,Pekanbaru,6621343.0,Rumah Tangga,2007800.0,5,0.0,COD,Bronze,4.4,8,PROMO10,6462410.0
